{
    "Modules": {
        "...MASTER...": {
            "start_perf": [
                0.1585230827331543,
                0.039521000000000001,
                0.020476999999999999,
                278584,
                278620,
                1626581269.937921,
                164766886344064
            ],
            "nMops": 0,
            "child_modules": {
                "tb_my_div": 1
            },
            "nRouts": 5,
            "nQuads": 0,
            "end_perf": [
                0.16087698936462402,
                0.039521000000000001,
                0.021529,
                278584,
                278620,
                164766893251349,
                0,
                0
            ]
        },
        "tb_my_div": {
            "Compiled Times": 3,
            "start_perf": [
                0.16094708442687988,
                0.039549000000000001,
                0.021572000000000001,
                278584,
                278620,
                1626581269.940345,
                164766893386821
            ],
            "nMops": 592,
            "child_modules": {},
            "nRouts": 54,
            "nQuads": 352,
            "end_perf": [
                0.16327404975891113,
                0.041054,
                0.022393,
                278584,
                278620,
                164766900185748,
                12884901889,
                0
            ],
            "Compiled": "Yes"
        }
    },
    "CompUnits": {},
    "reusePaths": {
        "Vs6ab_d": {
            "icPath": "./vcs_work"
        },
        "amcQw_d": {
            "icPath": "./vcs_work"
        }
    },
    "ObjArchives": [
        {
            "archive": "archive.2/_46593_archive_1.a",
            "objects": [
                [
                    "amcQwB.o",
                    112474
                ]
            ],
            "size": 112474
        }
    ],
    "stat": {
        "ru_self_end": {
            "ru_maxrss_kb": 131892,
            "ru_utime_sec": 0.044420000000000001,
            "ru_stime_sec": 0.022755999999999998,
            "ru_nivcsw": 3,
            "ru_nvcsw": 35,
            "ru_majflt": 0,
            "ru_minflt": 12536
        },
        "ru_childs_end": {
            "ru_maxrss_kb": 131892,
            "ru_utime_sec": 0.028666000000000001,
            "ru_stime_sec": 0.014316000000000001,
            "ru_nivcsw": 9,
            "ru_nvcsw": 40,
            "ru_majflt": 0,
            "ru_minflt": 9300
        },
        "cpu_cycles_end": 164766992622974,
        "peak_mem_kb": 280512
    }
}